Timestamp,URL,Text,Count
2024-03-12 14:11:40,https://nerdbroski.com,00,17
2024-03-12 14:11:40,https://nerdbroski.com,5,15
2024-03-12 14:11:40,https://nerdbroski.com,sit,13
2024-03-12 14:11:40,https://nerdbroski.com,amet,13
2024-03-12 14:11:40,https://nerdbroski.com,a,12
2024-03-12 14:11:40,https://nerdbroski.com,lorem,12
2024-03-12 14:11:40,https://nerdbroski.com,ipsum,12
2024-03-12 14:11:40,https://nerdbroski.com,dolor,12
2024-03-12 14:11:40,https://nerdbroski.com,adipiscing,12
2024-03-12 14:11:40,https://nerdbroski.com,elit,12
